{"stats":{"minecraft:custom":{"minecraft:time_since_rest":5655,"minecraft:crouch_one_cm":62,"minecraft:walk_one_cm":5656,"minecraft:play_time":7219,"minecraft:sprint_one_cm":25734,"minecraft:damage_taken":400,"minecraft:deaths":1,"minecraft:sneak_time":134,"minecraft:walk_under_water_one_cm":3580,"minecraft:jump":146,"minecraft:damage_dealt":10,"minecraft:leave_game":1,"minecraft:walk_on_water_one_cm":1188,"minecraft:time_since_death":5629,"minecraft:total_world_time":7219,"minecraft:swim_one_cm":4010,"minecraft:talked_to_villager":3,"minecraft:fall_one_cm":7385,"minecraft:fly_one_cm":122029},"minecraft:mined":{"minecraft:short_grass":3,"minecraft:oak_log":5,"minecraft:oak_leaves":2},"minecraft:used":{"minecraft:oak_log":3,"minecraft:cooked_porkchop":1,"minecraft:lectern":9},"minecraft:picked_up":{"minecraft:wheat_seeds":1,"minecraft:oak_log":5}},"DataVersion":3953}