{"stats":{"minecraft:picked_up":{"minecraft:feather":2,"minecraft:chicken":2,"minecraft:cooked_porkchop":1,"minecraft:potato":1,"minecraft:oak_log":5,"minecraft:spider_eye":2,"minecraft:dirt":10,"minecraft:string":8,"minecraft:iron_shovel":1,"minecraft:stone_sword":1,"minecraft:arrow":4,"minecraft:rotten_flesh":6,"minecraft:wheat_seeds":2,"minecraft:iron_ingot":10,"minecraft:poppy":1,"minecraft:black_wool":2,"minecraft:mutton":1},"minecraft:used":{"minecraft:oak_log":3,"minecraft:stone_sword":57,"minecraft:grass_block":64,"minecraft:bread":1,"minecraft:lectern":9,"minecraft:cooked_porkchop":1},"minecraft:killed":{"minecraft:sheep":1,"minecraft:cat":1,"minecraft:skeleton":2,"minecraft:zombie":1,"minecraft:chicken":1,"minecraft:spider":2,"minecraft:iron_golem":1},"minecraft:custom":{"minecraft:time_since_rest":431,"minecraft:sprint_one_cm":48770,"minecraft:damage_taken":987,"minecraft:walk_one_cm":20066,"minecraft:mob_kills":10,"minecraft:damage_dealt":2543,"minecraft:swim_one_cm":4010,"minecraft:talked_to_villager":12,"minecraft:fly_one_cm":171026,"minecraft:open_chest":1,"minecraft:crouch_one_cm":1782,"minecraft:play_time":15849,"minecraft:deaths":3,"minecraft:sneak_time":1129,"minecraft:walk_under_water_one_cm":3580,"minecraft:jump":358,"minecraft:leave_game":2,"minecraft:time_since_death":404,"minecraft:walk_on_water_one_cm":1812,"minecraft:sleep_in_bed":1,"minecraft:climb_one_cm":430,"minecraft:total_world_time":15849,"minecraft:fall_one_cm":11182},"minecraft:mined":{"minecraft:short_grass":16,"minecraft:grass_block":5,"minecraft:oak_log":5,"minecraft:oak_leaves":2},"minecraft:killed_by":{"minecraft:zombie":2}},"DataVersion":3953}